company,source_document,theme,group,mentions,pages_mentioning,per_100_pages,per_10k_words,example_page,example,report_pages,report_words
Valterra Platinum,Valterra Platinum Sustainability report 2025,Climate and emissions,Topic,248,35,196.8,43.8,63,"The strategy is anchored in clear Scope 1 and 2 emissions-reduction targets, including a 30% absolute reduction by 2030 against a 2016 baseline and an ambition to achieve carbon neutrality by 2040.",126,56617
Valterra Platinum,Valterra Platinum Sustainability report 2025,Energy,Topic,105,26,83.3,18.5,64,"FOCUS ON CLIMATE, ENERGY AND DECARBONISATION CONTINUED Decarbonisation roadmap to 2030 The transition to renewable electricity is the central focus of the decarbonisation programme, allowing us to achieve the 2030 target of",126,56617
Valterra Platinum,Valterra Platinum Sustainability report 2025,Water,Topic,207,38,164.3,36.6,76,"Disclosure against standards (content index in Supplementary info ) SASB Mining and Metals Standard 2023-12 Water management EM-MM-140a.1 (1) Total water withdrawn, (2) total water consumed, percentage of each in regions with high or extremely high baseline stress EM-MM-140a.2 Number of incidents of",126,56617
Valterra Platinum,Valterra Platinum Sustainability report 2025,Tailings and waste,Topic,194,28,154.0,34.3,80,Our 2023 revised zero-waste-to-landfill (ZW2L) approach provides for the following waste streams to be sent to landfill: › Waste from residential areas › Waste from project activities › Non-medical straws and sanitary wipes,126,56617
Valterra Platinum,Valterra Platinum Sustainability report 2025,Biodiversity and closure,Topic,85,16,67.5,15.0,68,We report publicly on biodiversity incidents and we will disclose biodiversity performance using the Endangered Wildlife Trust’s biological diversity protocol in 2026.,126,56617
Valterra Platinum,Valterra Platinum Sustainability report 2025,Safety and health,Topic,255,55,202.4,45.0,33,We aim to eliminate all fatalities and life- altering injuries by ensuring we annually reduce our total recordable injury-frequency rate (TRIFR) by 5% on a three-year average.,126,56617
Valterra Platinum,Valterra Platinum Sustainability report 2025,Workforce,Topic,462,79,366.7,81.6,52,"Valterra Platinum met its regulatory obligations by investing the equivalent of 5% of total payroll in skills development, in addition to complying with the mandatory 1% skills development levy.",126,56617
Valterra Platinum,Valterra Platinum Sustainability report 2025,Community,Topic,326,70,258.7,57.6,93,"During the transition into a standalone entity, our approach to community investment was guided by Anglo American’s social way 3.0.",126,56617
Valterra Platinum,Valterra Platinum Sustainability report 2025,Human rights,Topic,91,19,72.2,16.1,87,"Our approach Human rights policy Valterra Platinum, as a standalone business, adopted its new human rights policy on 1 June 2025.",126,56617
Valterra Platinum,Valterra Platinum Sustainability report 2025,Governance and ethics,Topic,276,74,219.0,48.7,20,"› Discharges its responsibilities under the Companies Act 2008, as amended, and ensures compliance with relevant legislation, codes of best practice and global governance standards › Oversees the company’s governance framework, ensuring alignment with the King Code on Corporate Governance IV and",126,56617
Valterra Platinum,Valterra Platinum Sustainability report 2025,Assurance,Topic,115,35,91.3,20.3,118,INDEPENDENT ASSURANCE REPORT TO THE DIRECTORS OF VALTERRA PLATINUM LIMITED CONTINUED Assessment criteria The following assessment criteria were applied in undertaking the work: AA1000AP (Accountability Principles),126,56617
Valterra Platinum,Valterra Platinum Sustainability report 2025,Financial connectivity,Topic,4,4,3.2,0.7,7,"2024: R109 billion R5 billion in cost savings, ahead of target R83 billion* Total economic contribution to society 2024: R72 billion R17.0 billion Total capital expenditure 2024: R18.6 billion R4.2 billion Taxes and royalties paid** 2024: R3.3 billion R45.00 per share Total dividend per share 2024: R71.75 per share * Total group tax and economic contribution consists",126,56617
Valterra Platinum,Valterra Platinum Sustainability report 2025,Commitment language,Language,480,101,381.0,84.8,13,The restructuring of board committees in the final quarter of FY25 required certain changes in the nature of our work.,126,56617
Valterra Platinum,Valterra Platinum Sustainability report 2025,Performance language,Language,384,124,304.8,67.8,26,PERFORMANCE AGAINST TARGETS CONTINUED Stretch goal 2025 target Full-year update Comment Strategic priority Responsible citizenship Education Implement the education programme across targeted schools and early,126,56617
Valterra Platinum,Valterra Platinum Sustainability report 2025,Risk language,Language,368,81,292.1,65.0,24,"Issue Financial or impact Timeframe Risk or opportunity Associated risk/opportunity Our response 1 Ensuring employee safety, health and mental wellbeing Impact, Financial Short Risk Employee safety See pages 30 to 59 2 Climate action:",126,56617
Impala Platinum,Implats ESG Report 2025,Climate and emissions,Topic,315,30,276.3,59.4,73,GHG emissions and energy usage Implats’ carbon emissions (combined scope 1 and scope 2 emissions) increased by 2.6% to 4 409 915tCO2 in FY2025 (2024: 4 298 488tCO2).,114,53009
Impala Platinum,Implats ESG Report 2025,Energy,Topic,174,29,152.6,32.8,70,Highlights • Board approved construction of 45MW solar plant at Zimplats • Completed commissioning of 35MW solar plant at Zimplats • Concluded a renewable electricity supply agreement to provide up to 90% of Impala Refineries’ electricity requirements,114,53009
Impala Platinum,Implats ESG Report 2025,Water,Topic,219,35,192.1,41.3,67,"Highlights • Above-target water recycled/re-used performance (59%) • Above-average rainfall recorded at southern African operations in the third quarter of the reporting period, alleviating drought conditions at Zimplats",114,53009
Impala Platinum,Implats ESG Report 2025,Tailings and waste,Topic,123,20,107.9,23.2,78,Highlights • Continued compliance with waste licence requirements across our operations • Achieved 74% waste diverted from landfill against a target of 73% • Undertook waste awareness campaigns that supported local employment.,114,53009
Impala Platinum,Implats ESG Report 2025,Biodiversity and closure,Topic,68,13,59.6,12.8,80,Highlights • Rehabilitated 46ha of eligible land at Group-managed operations (2024: 39ha) • R101 million in planned spend to 2030 on rehabilitation of non- operational areas and land management initiative • Community,114,53009
Impala Platinum,Implats ESG Report 2025,Safety and health,Topic,224,41,196.5,42.3,38,Our people – Safety Support for new Mine Health and Safety Council (MHSC) safety and culture transformation milestones Implats supports the Mine Health and Safety Council mine health and safety milestones for adoption beyond 2024.,114,53009
Impala Platinum,Implats ESG Report 2025,Workforce,Topic,540,73,473.7,101.9,34,"Women representation in management, defined as women in middle and senior management (excluding Exco), is a business imperative and has been included as a key performance indicator in our executive long-term incentive scheme, with an overall 6%",114,53009
Impala Platinum,Implats ESG Report 2025,Community,Topic,359,56,314.9,67.7,60,"Our community infrastructure development programmes are a strategic lever in advancing the Sustainable Development Goals (SDGs), particularly SDG 4 (quality education), SDG 6 (clean water and sanitation) and SDG",114,53009
Impala Platinum,Implats ESG Report 2025,Human rights,Topic,82,17,71.9,15.5,22,"Human rights risks associated with our supply chain, specifically related to sourcing mined material, are the responsibility of the Group’s responsible sourcing committee (see page 21).",114,53009
Impala Platinum,Implats ESG Report 2025,Governance and ethics,Topic,252,112,221.1,47.5,20,The Group is committed to complying with all applicable legislative requirements and has implemented 24-hour toll-free ethics whistleblower and HBV hotlines for all operations.,114,53009
Impala Platinum,Implats ESG Report 2025,Assurance,Topic,57,12,50.0,10.8,85,Independent auditors’ assurance report on selected key performance indicators continued Basis for reasonable assurance opinion A reasonable assurance engagement in accordance with ISAE 3000 (Revised) involves performing procedures,114,53009
Impala Platinum,Implats ESG Report 2025,Financial connectivity,Topic,17,9,14.9,3.2,80,The current rehabilitation cost estimates and financial provisions are tabulated as follows: Current cost estimates* Financial provisions** 2025 Rm 2024 Rm 2025 Rm 2024 Rm Impala Rustenburg 2 108 2 029 1 194 1 054 Impala Refineries 950 956 434 421 Marula 476 450,114,53009
Impala Platinum,Implats ESG Report 2025,Commitment language,Language,242,64,212.3,45.7,9,"The Group aims to achieve carbon neutrality by 2050 and is working towards achieving its short-term target to reduce carbon emissions by 30% by 2030, against 2019 as a baseline.",114,53009
Impala Platinum,Implats ESG Report 2025,Performance language,Language,602,111,528.1,113.6,28,A significant milestone was achieved in 2024.,114,53009
Impala Platinum,Implats ESG Report 2025,Risk language,Language,231,58,202.6,43.6,38,Seek to eliminate risks at their source and investigate the root causes of incidents • 100% implementation of the risk management pillar by December 2026.,114,53009
Sibanye-Stillwater,Sibanye-Stillwater Sustainability Report 2025,Climate and emissions,Topic,449,47,423.6,77.1,66,"Our foremost decarbonisation lever is the ~765MW portfolio of renewable energy projects in South Africa, where electricity consumption contributes 92% of Group operational emissions.",106,58264
Sibanye-Stillwater,Sibanye-Stillwater Sustainability Report 2025,Energy,Topic,207,37,195.3,35.5,71,TOTAL ENERGY CONSUMPTION BY OPERATION (PJ) Total energy consumption: 22.81PJ; non-renewable energy sources: 18.67PJ; renewable energy sources: 3.23PJ; nuclear energy sources: 0.83PJ; purchased steam: 0.08PJ.,106,58264
Sibanye-Stillwater,Sibanye-Stillwater Sustainability Report 2025,Water,Topic,294,36,277.4,50.5,74,Currently our SA gold operations are 94% water independent from third party suppliers.,106,58264
Sibanye-Stillwater,Sibanye-Stillwater Sustainability Report 2025,Tailings and waste,Topic,183,37,172.6,31.4,77,"See Group minimum standard on non-mineral waste, www.sibanyestillwater.com/sustainability/reports-policies/ NON-MINERAL WASTE (GENERAL AND HAZARDOUS WASTE) SA OPERATIONS Our SA operations adhere to both the Waste Act (2008) and the National Waste",106,58264
Sibanye-Stillwater,Sibanye-Stillwater Sustainability Report 2025,Biodiversity and closure,Topic,90,22,84.9,15.4,80,BIODIVERSITY & ECOSYSTEMS Nature and post-mining sustainability were identified as a material risk for Sibanye-Stillwater in 2025.,106,58264
Sibanye-Stillwater,Sibanye-Stillwater Sustainability Report 2025,Safety and health,Topic,233,46,219.8,40.0,28,SAFETY PERFORMANCE* 2025 2024 2023 Group US 4 EU AUS SA Group US 4 EU AUS SA Group 3 US EU AUS 3 SA PGMs Gold PGMs Gold PGMs Gold Fatalities 6 1 0 0 2 3 8 0 0 0 5 3 11 1 0 0 2 8 Fatal injury frequency,106,58264
Sibanye-Stillwater,Sibanye-Stillwater Sustainability Report 2025,Workforce,Topic,511,68,482.1,87.7,44,% LOCAL RECRUITED WOMEN BY SA OPERATIONS 31.5% 29.4% —% 40.8% 20.0% 66.7% 12.5% 28.6% 25.4% 14.0% 31.1% Beatrix Driefontein Ezulwini Kloof Rand Uranium SG Eastern Operations Kroondal PMC EPL RPM WPL UPSKILLING OUR,106,58264
Sibanye-Stillwater,Sibanye-Stillwater Sustainability Report 2025,Community,Topic,199,49,187.7,34.2,57,"In 2025, donations totalling R18,900,149 (2024: R14,174,780) were paid to the Bapo Ba Mogale LED Trust and the Lonplats Marikana Community Development Trust.",106,58264
Sibanye-Stillwater,Sibanye-Stillwater Sustainability Report 2025,Human rights,Topic,84,21,79.2,14.4,88,"These include provisions on harassment, bullying, discrimination, freedom of association, forced labour, modern slavery, human trafficking, and child labour, in alignment with UN SDG 8.7 (Eradicate forced labour, modern slavery, and human trafficking).",106,58264
Sibanye-Stillwater,Sibanye-Stillwater Sustainability Report 2025,Governance and ethics,Topic,326,102,307.5,56.0,87,"Our 2025 Sibanye-Stillwater Code of ethics survey, canvassing 2,163 employees, showed strong support (69%) for more frequent and interactive ethics training, which will inform future initiatives.",106,58264
Sibanye-Stillwater,Sibanye-Stillwater Sustainability Report 2025,Assurance,Topic,76,21,71.7,13.0,96,"We conducted our assurance engagement in accordance with the International Standard on Assurance Engagements (ISAE) 3000 (Revised), Assurance Engagements other than Audits or Reviews of Historical Financial Information,",106,58264
Sibanye-Stillwater,Sibanye-Stillwater Sustainability Report 2025,Financial connectivity,Topic,19,11,17.9,3.3,66,"and the Group minimum standard: Air emissions and greenhouse gas emissions, www.sibanyestillwater.com/sustainability/reports-policies/ 13.1, 1.5 SOUTH AFRICAN CARBON TAX — A TRANSITION RISK The Climate Change Act, 2024, began to come into force in March 2025.",106,58264
Sibanye-Stillwater,Sibanye-Stillwater Sustainability Report 2025,Commitment language,Language,342,75,322.6,58.7,63,TARGETS AND KEY OBJECTIVES Metric Performance Status See Annual targets Group: zero level 4 or 5 environmental incidents Number of incidents 0 (2024: 0) Met target Page 63 Sustainability scorecard targets,106,58264
Sibanye-Stillwater,Sibanye-Stillwater Sustainability Report 2025,Performance language,Language,239,80,225.5,41.0,23,"l High potential incidents (HPIs) including both injury with potential loss of life (IPLL) and non injury with the potential for loss of life (NIPLL), decreased by 45% year-on-year l The Group recorded the lowest year-end performance for serious injury frequency rate (SIFR) (2.19), lost time injury frequency rate (LTIFR) (3.36), and total recordable injury",106,58264
Sibanye-Stillwater,Sibanye-Stillwater Sustainability Report 2025,Risk language,Language,277,55,261.3,47.5,93,CYBERSECURITY CYBER RESPONSE STRATEGY In 2025 we had no cybersecurity breaches; this is down to a comprehensive array of protections against cyber threats.,106,58264
Gold Fields,Gold Fields Sustainability Report 2025,Climate and emissions,Topic,591,68,757.7,138.3,41,This section details: Managing climate change risks (p42) Decarbonisation (p49) Related material matters Climate adaptation and resilience Energy and carbon management Our energy and carbon performance Our climate change management,78,42724
Gold Fields,Gold Fields Sustainability Report 2025,Energy,Topic,194,27,248.7,45.4,54,"Mitigating climate change continued Decarbonisation continued Our Scope 1 and 2 emissions continued We implemented the following key cost, energy and emission-reduction projects during 2025: Energy efficiency projects and initiatives1 Site Projects and initiatives Carbon saving (kt CO2e) Granny Smith Installed automated control systems for",78,42724
Gold Fields,Gold Fields Sustainability Report 2025,Water,Topic,206,33,264.1,48.2,57,"Water Stewardship Strategy and projects Since setting our water stewardship targets in 2021, Gold Fields has systematically improved our water stewardship practices and performance, while addressing our",78,42724
Gold Fields,Gold Fields Sustainability Report 2025,Tailings and waste,Topic,96,24,123.1,22.5,61,Gold Fields achieved substantial GISTM conformance for priority TSFs during 2023 and the remaining TSFs in 2025 based on delivery of the Gold Fields Tailings Management Standard.,78,42724
Gold Fields,Gold Fields Sustainability Report 2025,Biodiversity and closure,Topic,51,19,65.4,11.9,62,"delivered to OVER 8,500 participants, expanding from technical and safety training to entrepreneurship, vocational development, agriculture and environmental rehabilitation.",78,42724
Gold Fields,Gold Fields Sustainability Report 2025,Safety and health,Topic,210,27,269.2,49.2,24,The total recordable injury frequency rate (TRIFR) of 2.31 remained below 2024 levels and in line with the Group’s threshold target.,78,42724
Gold Fields,Gold Fields Sustainability Report 2025,Workforce,Topic,202,39,259.0,47.3,22,"Protecting our people and fostering respect continued Our workforce at a glance With a global workforce of 23,235 people, including 16,607 business partners, we recognise the critical role each individual plays in our success.",78,42724
Gold Fields,Gold Fields Sustainability Report 2025,Community,Topic,252,44,323.1,59.0,31,"Around 800,000 people live in approximately 60 communities surrounding our nine mines.",78,42724
Gold Fields,Gold Fields Sustainability Report 2025,Human rights,Topic,153,55,196.2,35.8,64,"Human rights Human rights considerations are integral to our 2035 sustainability commitments, business conduct, decision-making and stakeholder engagement processes, because our business activities can have",78,42724
Gold Fields,Gold Fields Sustainability Report 2025,Governance and ethics,Topic,120,35,153.8,28.1,12,"For more detail on our governance approach, Board committees focus areas and remuneration practices, please refer to our Governance Report in our 2025 IAR.",78,42724
Gold Fields,Gold Fields Sustainability Report 2025,Assurance,Topic,40,14,51.3,9.4,71,"We conducted our assurance engagement in accordance with the International Standard on Assurance Engagements 3000 (Revised), Assurance Engagements other than Audits or Reviews of Historical Financial Information (ISAE 3000",78,42724
Gold Fields,Gold Fields Sustainability Report 2025,Financial connectivity,Topic,3,3,3.8,0.7,6,"and the United States Securities and Exchange Commission’s S-K regulation, and only includes Mineral Reserves 1 Cash-flow from operating activities less net capital expenditure, contributions to environmental trust funds and payments of lease liabilities 2 Measured and Indicated Mineral Resources, including operations exiting the portfolio (Damang).",78,42724
Gold Fields,Gold Fields Sustainability Report 2025,Commitment language,Language,394,69,505.1,92.2,19,"The committees monitored the development of a new Sustainability Policy, which was approved in early 2026 and strengthens the Group’s governance framework and articulation of its commitments.",78,42724
Gold Fields,Gold Fields Sustainability Report 2025,Performance language,Language,225,59,288.5,52.7,61,Gold Fields achieved substantial GISTM conformance for priority TSFs during 2023 and the remaining TSFs in 2025 based on delivery of the Gold Fields Tailings Management Standard.,78,42724
Gold Fields,Gold Fields Sustainability Report 2025,Risk language,Language,403,55,516.7,94.3,25,"With clearer expectations, sharper routines and a more proactive approach to risk, we are well positioned to continue strengthening our safety culture and achieving our 2035 strategic aspirations.",78,42724
Exxaro Resources,Exxaro ESG report 2025,Climate and emissions,Topic,619,72,340.1,60.4,32,"2025 performance Improving energy efficiency To enhance our performance, we completed a decarbonisation technology study that assessed fleet optimisation opportunities and is guiding the next phase of implementation planning.",182,102517
Exxaro Resources,Exxaro ESG report 2025,Energy,Topic,439,77,241.2,42.8,35,Read page 26 for more detail on our diesel and electricity reduction initiatives.,182,102517
Exxaro Resources,Exxaro ESG report 2025,Water,Topic,181,54,99.5,17.7,50,"Improving water security Why this matters Our operations span large geographical areas that face increasing water scarcity and climate variability, which heighten operational and environmental risks.",182,102517
Exxaro Resources,Exxaro ESG report 2025,Tailings and waste,Topic,131,17,72.0,12.8,55,Managing waste responsibly continued 2025 performance Indicator (t) 2025 2024 2023 Hazardous waste sent to landfill 4 189 2 662 3 186 Hazardous waste recycled (oil) 511 546 555 General (non-mineral) waste recycled,182,102517
Exxaro Resources,Exxaro ESG report 2025,Biodiversity and closure,Topic,241,44,132.4,23.5,46,"operational management KPIs Provisioning for closure costs in line with regulatory requirements Lowering the environmental financial liability associated with mine closure 2 Our environmental stewardship Exxaro Resources Limited Environmental, social and governance report 2025 45",182,102517
Exxaro Resources,Exxaro ESG report 2025,Safety and health,Topic,311,64,170.9,30.3,59,"Engaging with national and provincial government departments, local municipalities and regulators to support compliance, incident reporting and joint safety campaigns Contractors and business Collaborating to align expectations, strengthen incident prevention measures and embed shared accountability for safety performance 58 Exxaro Resources Limited",182,102517
Exxaro Resources,Exxaro ESG report 2025,Workforce,Topic,763,139,419.2,74.4,74,training in Mpumalanga Youth development programmes Creating employment opportunities for youth in our host communities by enabling practical work experience Employees and community members Building local capabilities and strengthening future talent supply through shared development initiatives 2025 performance People development training expenditure 2025 2024,182,102517
Exxaro Resources,Exxaro ESG report 2025,Community,Topic,384,93,211.0,37.5,79,The following mechanisms provide a stable and diversified funding base for socio-economic development projects across our mining and energy operations: Compliance and regulated contributions ESD programme Funded through a self-sustainable loan fund aligned to 3% of Exxaro’s NPAT as,182,102517
Exxaro Resources,Exxaro ESG report 2025,Human rights,Topic,93,28,51.1,9.1,95,"Embedding human rights in our business Why this matters Our operations and value chain intersect with employees, contractors and communities, where impacts on safety, equality and access to essential services can arise.",182,102517
Exxaro Resources,Exxaro ESG report 2025,Governance and ethics,Topic,1339,182,735.7,130.6,105,An ethics implementation framework outlines 18 interventions to address three focal areas: ethical culture; governance structures and frameworks; and ethics-related risk mitigation.,182,102517
Exxaro Resources,Exxaro ESG report 2025,Assurance,Topic,114,31,62.6,11.1,111,"Audit committee report (page 125) Independence of audit and assurance functions To ensure the independence of our audit and assurance functions, the following measures are in place: • We appointed KPMG as our independent external auditor, along with its service",182,102517
Exxaro Resources,Exxaro ESG report 2025,Financial connectivity,Topic,33,25,18.1,3.2,25,The carbon tax rate increased to R236 per tonne CO₂e in 2025.,182,102517
Exxaro Resources,Exxaro ESG report 2025,Commitment language,Language,1212,167,665.9,118.2,134,Any changes required to align the terms of reference with King V will be presented to the committee in the first quarter of 2026.,182,102517
Exxaro Resources,Exxaro ESG report 2025,Performance language,Language,620,151,340.7,60.5,16,improved communication • Engage the DMPR on overdue SLP projects • Engaging with Transnet on logistics solutions through Richards Bay Coal Terminal to improve performance on the Coal Line and directly to improve the performance of rail services from the Waterberg Empowering people and communities (page 55 to 97) Regulators Specialised regulatory authorities,182,102517
Exxaro Resources,Exxaro ESG report 2025,Risk language,Language,446,114,245.1,43.5,140,"Risk and business resilience committee report continued Role and purpose The committee is a board committee in terms of section 72 of the Companies Act, the company’s MoI and King IV.",182,102517
